experiment_name,in_channels,n_beats,sensitivity,specificity,mcc,roc_auc,pr_auc,optimal_threshold
right_precordial_V1V2V3,3,8,0.7094017093410768,0.8583815028653646,0.5465281868449626,0.8026036263030484,0.6929227597418609,0.5850244164466858
rms_1channel,1,8,0.5655737704454448,0.9129353233603748,0.5070395341317326,0.8014028219557948,0.6892898591830907,0.744720995426178
vcg_3channel,3,8,0.9495798318529766,0.7199017198840318,0.5655366783304631,0.856255032725621,0.5796147227470465,0.064960777759552
